{
  "Kodak Vision3 5219 500T": {
    "name": "Kodak Vision3 5219 500T",
    "red": {
      "x": [
        -4.0,
        -3.6879,
        -3.3758,
        -3.0701,
        -2.758,
        -2.4395,
        -2.1274,
        -1.8153,
        -1.5032,
        -1.1847,
        -0.86624,
        -0.55414,
        -0.25478,
        0.05733,
        0.36943,
        0.70064,
        0.99363
      ],
      "y": [
        0.0,
        0.00766,
        0.03065,
        0.08812,
        0.16475,
        0.29119,
        0.42912,
        0.57088,
        0.70881,
        0.85826,
        1.00386,
        1.14946,
        1.28356,
        1.40616,
        1.51726,
        1.61306,
        1.66666
      ]
    },
    "green": {
      "x": [
        -4.0,
        -3.6879,
        -3.3822,
        -3.0701,
        -2.7516,
        -2.4459,
        -2.1338,
        -1.8153,
        -1.5032,
        -1.1975,
        -0.87261,
        -0.55414,
        -0.25478,
        0.03822,
        0.36943,
        0.68153,
        0.98726
      ],
      "y": [
        0.0,
        0.00383,
        0.03065,
        0.08812,
        0.18007,
        0.32184,
        0.49039,
        0.66279,
        0.82759,
        0.98849,
        1.16089,
        1.32949,
        1.49039,
        1.63219,
        1.77779,
        1.88889,
        1.97319
      ]
    },
    "blue": {
      "x": [
        -4.0,
        -3.6815,
        -3.3758,
        -3.0637,
        -2.7516,
        -2.4395,
        -2.1338,
        -1.8153,
        -1.5032,
        -1.1911,
        -0.87898,
        -0.56051,
        -0.26752,
        0.06369,
        0.36943,
        0.68153,
        0.99363
      ],
      "y": [
        0.0,
        0.00766,
        0.02682,
        0.08046,
        0.16092,
        0.31032,
        0.47892,
        0.63982,
        0.79692,
        0.96172,
        1.12642,
        1.29502,
        1.44442,
        1.60152,
        1.73182,
        1.82762,
        1.90802
      ]
    },
    "x_unit": "log10"
  },
  "Fuji Eterna 8573 500T": {
    "name": "Fuji Eterna 8573 500T",
    "red": {
      "x": [
        -6.00487,
        -5.00974,
        -4.01461,
        -3.56475,
        -3.00584,
        -2.01071,
        -1.00195,
        -0.52483,
        -0.00682,
        1.00195,
        1.57449,
        1.99708,
        2.50146,
        2.99221,
        4.00097,
        4.99611,
        6.00487
      ],
      "y": [
        0.0,
        0.01221,
        0.0407,
        0.06513,
        0.11804,
        0.23609,
        0.37449,
        0.44776,
        0.52917,
        0.68385,
        0.7734,
        0.82632,
        0.88331,
        0.9403,
        1.0502,
        1.16418,
        1.28222
      ]
    },
    "green": {
      "x": [
        -6.00487,
        -5.00974,
        -4.01461,
        -3.48296,
        -3.00584,
        -2.4742,
        -2.01071,
        -1.00195,
        -0.00682,
        1.00195,
        1.54722,
        1.99708,
        2.46056,
        2.99221,
        4.00097,
        4.99611,
        6.00487
      ],
      "y": [
        0.0,
        0.01629,
        0.05699,
        0.10584,
        0.1669,
        0.25238,
        0.33379,
        0.51289,
        0.70828,
        0.88739,
        0.98508,
        1.06242,
        1.13162,
        1.20896,
        1.36364,
        1.50611,
        1.64451
      ]
    },
    "blue": {
      "x": [
        -6.00487,
        -5.00974,
        -4.47809,
        -4.01461,
        -3.00584,
        -2.01071,
        -1.4927,
        -1.00195,
        -0.00682,
        1.00195,
        1.57449,
        1.99708,
        2.48783,
        2.99221,
        4.00097,
        4.99611,
        6.00487
      ],
      "y": [
        0.0,
        0.01628,
        0.0285,
        0.05292,
        0.14247,
        0.27273,
        0.35821,
        0.4559,
        0.65129,
        0.83854,
        0.9403,
        1.01357,
        1.09905,
        1.17232,
        1.31479,
        1.44912,
        1.56717
      ]
    },
    "x_unit": "stops"
  },
  "Fuji Reala 8592 500D": {
    "name": "Fuji Reala 8592 500D",
    "x_unit": "log10",
    "red": {
      "x": [
        -3.8784,
        -3.60706,
        -3.27706,
        -2.9764,
        -2.67573,
        -2.38606,
        -2.0744,
        -1.77006,
        -1.44373,
        -1.1504,
        -0.8314,
        -0.51606,
        -0.22273,
        0.07427,
        0.37127,
        0.5546,
        0.7636
      ],
      "y": [
        0.0,
        0.0,
        0.00598,
        0.03289,
        0.09866,
        0.18237,
        0.29299,
        0.40659,
        0.53514,
        0.65174,
        0.7773,
        0.88493,
        0.98359,
        1.07926,
        1.17791,
        1.24667,
        1.31245
      ]
    },
    "green": {
      "x": [
        -3.8784,
        -3.58873,
        -3.27706,
        -2.96173,
        -2.67573,
        -2.3714,
        -2.0744,
        -1.72973,
        -1.44373,
        -1.14306,
        -0.8314,
        -0.52706,
        -0.22273,
        0.06694,
        0.37127,
        0.56194,
        0.7636
      ],
      "y": [
        0.0,
        0.0,
        0.00897,
        0.03289,
        0.11062,
        0.2302,
        0.35577,
        0.50525,
        0.63081,
        0.76236,
        0.89689,
        1.01348,
        1.12709,
        1.24368,
        1.38121,
        1.46791,
        1.53368
      ]
    },
    "blue": {
      "x": [
        -3.88206,
        -3.59606,
        -3.27706,
        -2.98373,
        -2.67573,
        -2.3604,
        -2.0744,
        -1.7554,
        -1.44373,
        -1.13206,
        -0.8314,
        -0.53806,
        -0.22273,
        0.08894,
        0.37127,
        0.56927,
        0.7636
      ],
      "y": [
        0.0,
        0.0,
        0.00299,
        0.02392,
        0.08371,
        0.18834,
        0.30494,
        0.45143,
        0.60689,
        0.75338,
        0.88792,
        1.01647,
        1.151,
        1.28255,
        1.39615,
        1.47986,
        1.55759
      ]
    }
  },
  "Kodak Vision1 5277 320T": {
    "name": "Kodak Vision1 5277 320T",
    "x_unit": "stops",
    "red": {
      "x": [
        -8.00484,
        -7.04019,
        -5.99419,
        -4.99467,
        -4.00678,
        -3.04213,
        -2.49588,
        -1.99613,
        -0.99661,
        0.00291,
        0.45617,
        0.95593,
        2.00194,
        2.47845,
        3.00145,
        4.00097,
        4.96562
      ],
      "y": [
        0.0,
        0.02036,
        0.04653,
        0.09015,
        0.17738,
        0.27625,
        0.34313,
        0.41002,
        0.54087,
        0.67754,
        0.73861,
        0.81422,
        0.96252,
        1.02359,
        1.09047,
        1.20388,
        1.28821
      ]
    },
    "green": {
      "x": [
        -7.9816,
        -7.06344,
        -5.99419,
        -5.49443,
        -5.05278,
        -4.00678,
        -3.08862,
        -2.54237,
        -1.99613,
        -1.08959,
        0.01453,
        0.8862,
        2.00194,
        2.43196,
        2.93172,
        4.00097,
        4.954
      ],
      "y": [
        0.0,
        0.01745,
        0.0494399999999999,
        0.06689,
        0.09015,
        0.18029,
        0.28789,
        0.36349,
        0.44201,
        0.56995,
        0.73861,
        0.88401,
        1.06139,
        1.13118,
        1.20097,
        1.34055,
        1.43651
      ]
    },